-- GENERATED by tool/gen_catalog_sql.dart — DO NOT EDIT BY HAND.
-- Source of truth: lib/data/seed/catalog_seed.dart
-- Idempotent: re-run after seed changes, then apply to the cloud.

-- task_type
insert into task_type (id, labels, icon, category, requires_subject, weather_sensitive, consumes_supplies, default_cadence) values ('mow', '{"sl":"Košnja","en":"Mowing","de":"Mähen"}'::jsonb, '🌱', 'lawn_care', false, true, false, 7) on conflict (id) do update set labels = excluded.labels, icon = excluded.icon, category = excluded.category, requires_subject = excluded.requires_subject, weather_sensitive = excluded.weather_sensitive, consumes_supplies = excluded.consumes_supplies, default_cadence = excluded.default_cadence;
insert into task_type (id, labels, icon, category, requires_subject, weather_sensitive, consumes_supplies, default_cadence) values ('water', '{"sl":"Zalivanje","en":"Watering","de":"Gießen"}'::jsonb, '💧', 'general', false, true, false, null) on conflict (id) do update set labels = excluded.labels, icon = excluded.icon, category = excluded.category, requires_subject = excluded.requires_subject, weather_sensitive = excluded.weather_sensitive, consumes_supplies = excluded.consumes_supplies, default_cadence = excluded.default_cadence;
insert into task_type (id, labels, icon, category, requires_subject, weather_sensitive, consumes_supplies, default_cadence) values ('fertilize', '{"sl":"Gnojenje","en":"Fertilizing","de":"Düngen"}'::jsonb, '🧪', 'plant_care', false, true, true, null) on conflict (id) do update set labels = excluded.labels, icon = excluded.icon, category = excluded.category, requires_subject = excluded.requires_subject, weather_sensitive = excluded.weather_sensitive, consumes_supplies = excluded.consumes_supplies, default_cadence = excluded.default_cadence;
insert into task_type (id, labels, icon, category, requires_subject, weather_sensitive, consumes_supplies, default_cadence) values ('prune', '{"sl":"Obrez","en":"Pruning","de":"Schnitt"}'::jsonb, '✂️', 'plant_care', true, false, false, null) on conflict (id) do update set labels = excluded.labels, icon = excluded.icon, category = excluded.category, requires_subject = excluded.requires_subject, weather_sensitive = excluded.weather_sensitive, consumes_supplies = excluded.consumes_supplies, default_cadence = excluded.default_cadence;
insert into task_type (id, labels, icon, category, requires_subject, weather_sensitive, consumes_supplies, default_cadence) values ('plant', '{"sl":"Sajenje","en":"Planting","de":"Pflanzen"}'::jsonb, '🪴', 'planting', true, true, false, null) on conflict (id) do update set labels = excluded.labels, icon = excluded.icon, category = excluded.category, requires_subject = excluded.requires_subject, weather_sensitive = excluded.weather_sensitive, consumes_supplies = excluded.consumes_supplies, default_cadence = excluded.default_cadence;
insert into task_type (id, labels, icon, category, requires_subject, weather_sensitive, consumes_supplies, default_cadence) values ('sow', '{"sl":"Setev","en":"Sowing","de":"Aussaat"}'::jsonb, '🌾', 'planting', true, true, false, null) on conflict (id) do update set labels = excluded.labels, icon = excluded.icon, category = excluded.category, requires_subject = excluded.requires_subject, weather_sensitive = excluded.weather_sensitive, consumes_supplies = excluded.consumes_supplies, default_cadence = excluded.default_cadence;
insert into task_type (id, labels, icon, category, requires_subject, weather_sensitive, consumes_supplies, default_cadence) values ('treat', '{"sl":"Tretiranje / škropljenje","en":"Treatment","de":"Behandlung"}'::jsonb, '🐛', 'protection', true, true, true, null) on conflict (id) do update set labels = excluded.labels, icon = excluded.icon, category = excluded.category, requires_subject = excluded.requires_subject, weather_sensitive = excluded.weather_sensitive, consumes_supplies = excluded.consumes_supplies, default_cadence = excluded.default_cadence;
insert into task_type (id, labels, icon, category, requires_subject, weather_sensitive, consumes_supplies, default_cadence) values ('harvest', '{"sl":"Pobiranje","en":"Harvest","de":"Ernte"}'::jsonb, '🧺', 'harvest', true, false, false, null) on conflict (id) do update set labels = excluded.labels, icon = excluded.icon, category = excluded.category, requires_subject = excluded.requires_subject, weather_sensitive = excluded.weather_sensitive, consumes_supplies = excluded.consumes_supplies, default_cadence = excluded.default_cadence;
insert into task_type (id, labels, icon, category, requires_subject, weather_sensitive, consumes_supplies, default_cadence) values ('weed', '{"sl":"Pletje / okopavanje","en":"Weeding","de":"Jäten"}'::jsonb, '🌿', 'general', false, false, false, null) on conflict (id) do update set labels = excluded.labels, icon = excluded.icon, category = excluded.category, requires_subject = excluded.requires_subject, weather_sensitive = excluded.weather_sensitive, consumes_supplies = excluded.consumes_supplies, default_cadence = excluded.default_cadence;
insert into task_type (id, labels, icon, category, requires_subject, weather_sensitive, consumes_supplies, default_cadence) values ('mulch', '{"sl":"Zastiranje","en":"Mulching","de":"Mulchen"}'::jsonb, '🍂', 'soil_care', false, false, false, null) on conflict (id) do update set labels = excluded.labels, icon = excluded.icon, category = excluded.category, requires_subject = excluded.requires_subject, weather_sensitive = excluded.weather_sensitive, consumes_supplies = excluded.consumes_supplies, default_cadence = excluded.default_cadence;
insert into task_type (id, labels, icon, category, requires_subject, weather_sensitive, consumes_supplies, default_cadence) values ('graft', '{"sl":"Cepljenje","en":"Grafting","de":"Veredeln / Pfropfen"}'::jsonb, '🔗', 'plant_care', true, false, false, null) on conflict (id) do update set labels = excluded.labels, icon = excluded.icon, category = excluded.category, requires_subject = excluded.requires_subject, weather_sensitive = excluded.weather_sensitive, consumes_supplies = excluded.consumes_supplies, default_cadence = excluded.default_cadence;
insert into task_type (id, labels, icon, category, requires_subject, weather_sensitive, consumes_supplies, default_cadence) values ('aerate', '{"sl":"Prezračevanje (aeriranje)","en":"Aeration","de":"Aerifizieren"}'::jsonb, '🕳️', 'lawn_care', false, true, false, null) on conflict (id) do update set labels = excluded.labels, icon = excluded.icon, category = excluded.category, requires_subject = excluded.requires_subject, weather_sensitive = excluded.weather_sensitive, consumes_supplies = excluded.consumes_supplies, default_cadence = excluded.default_cadence;
insert into task_type (id, labels, icon, category, requires_subject, weather_sensitive, consumes_supplies, default_cadence) values ('scarify', '{"sl":"Vertikutiranje (rezkanje ruše)","en":"Scarifying","de":"Vertikutieren"}'::jsonb, '🪮', 'lawn_care', false, true, false, null) on conflict (id) do update set labels = excluded.labels, icon = excluded.icon, category = excluded.category, requires_subject = excluded.requires_subject, weather_sensitive = excluded.weather_sensitive, consumes_supplies = excluded.consumes_supplies, default_cadence = excluded.default_cadence;
insert into task_type (id, labels, icon, category, requires_subject, weather_sensitive, consumes_supplies, default_cadence) values ('overseed', '{"sl":"Dosejevanje","en":"Overseeding","de":"Nachsaat"}'::jsonb, '🌱', 'lawn_care', false, true, false, null) on conflict (id) do update set labels = excluded.labels, icon = excluded.icon, category = excluded.category, requires_subject = excluded.requires_subject, weather_sensitive = excluded.weather_sensitive, consumes_supplies = excluded.consumes_supplies, default_cadence = excluded.default_cadence;
insert into task_type (id, labels, icon, category, requires_subject, weather_sensitive, consumes_supplies, default_cadence) values ('topdress', '{"sl":"Peskanje (top-dressing)","en":"Top-dressing","de":"Topdressing"}'::jsonb, '🏖️', 'lawn_care', false, false, false, null) on conflict (id) do update set labels = excluded.labels, icon = excluded.icon, category = excluded.category, requires_subject = excluded.requires_subject, weather_sensitive = excluded.weather_sensitive, consumes_supplies = excluded.consumes_supplies, default_cadence = excluded.default_cadence;
insert into task_type (id, labels, icon, category, requires_subject, weather_sensitive, consumes_supplies, default_cadence) values ('roll', '{"sl":"Valjanje","en":"Rolling","de":"Walzen"}'::jsonb, '🛞', 'lawn_care', false, true, false, null) on conflict (id) do update set labels = excluded.labels, icon = excluded.icon, category = excluded.category, requires_subject = excluded.requires_subject, weather_sensitive = excluded.weather_sensitive, consumes_supplies = excluded.consumes_supplies, default_cadence = excluded.default_cadence;
insert into task_type (id, labels, icon, category, requires_subject, weather_sensitive, consumes_supplies, default_cadence) values ('lime', '{"sl":"Apnjenje","en":"Liming","de":"Kalken"}'::jsonb, '⚪', 'lawn_care', false, false, true, null) on conflict (id) do update set labels = excluded.labels, icon = excluded.icon, category = excluded.category, requires_subject = excluded.requires_subject, weather_sensitive = excluded.weather_sensitive, consumes_supplies = excluded.consumes_supplies, default_cadence = excluded.default_cadence;
insert into task_type (id, labels, icon, category, requires_subject, weather_sensitive, consumes_supplies, default_cadence) values ('lawn_weed_moss', '{"sl":"Tretiranje proti plevelu/mahu","en":"Weed & moss control","de":"Unkraut-/Moosbekämpfung"}'::jsonb, '🚫', 'lawn_care', false, true, true, null) on conflict (id) do update set labels = excluded.labels, icon = excluded.icon, category = excluded.category, requires_subject = excluded.requires_subject, weather_sensitive = excluded.weather_sensitive, consumes_supplies = excluded.consumes_supplies, default_cadence = excluded.default_cadence;
insert into task_type (id, labels, icon, category, requires_subject, weather_sensitive, consumes_supplies, default_cadence) values ('start_seedlings', '{"sl":"Predsetev / vzgoja sadik","en":"Starting seedlings (indoor sow)","de":"Voranzucht"}'::jsonb, '🪴', 'seedling_care', true, false, false, null) on conflict (id) do update set labels = excluded.labels, icon = excluded.icon, category = excluded.category, requires_subject = excluded.requires_subject, weather_sensitive = excluded.weather_sensitive, consumes_supplies = excluded.consumes_supplies, default_cadence = excluded.default_cadence;
insert into task_type (id, labels, icon, category, requires_subject, weather_sensitive, consumes_supplies, default_cadence) values ('prick_out', '{"sl":"Pikiranje","en":"Pricking out / Potting on","de":"Pikieren"}'::jsonb, '🌿', 'seedling_care', true, false, false, null) on conflict (id) do update set labels = excluded.labels, icon = excluded.icon, category = excluded.category, requires_subject = excluded.requires_subject, weather_sensitive = excluded.weather_sensitive, consumes_supplies = excluded.consumes_supplies, default_cadence = excluded.default_cadence;
insert into task_type (id, labels, icon, category, requires_subject, weather_sensitive, consumes_supplies, default_cadence) values ('harden_off', '{"sl":"Utrjevanje (zakaljevanje)","en":"Hardening off","de":"Abhärten"}'::jsonb, '🌤️', 'seedling_care', true, true, false, null) on conflict (id) do update set labels = excluded.labels, icon = excluded.icon, category = excluded.category, requires_subject = excluded.requires_subject, weather_sensitive = excluded.weather_sensitive, consumes_supplies = excluded.consumes_supplies, default_cadence = excluded.default_cadence;
insert into task_type (id, labels, icon, category, requires_subject, weather_sensitive, consumes_supplies, default_cadence) values ('transplant', '{"sl":"Presaditev na prosto","en":"Transplanting out","de":"Auspflanzen"}'::jsonb, '🌱', 'planting', true, true, false, null) on conflict (id) do update set labels = excluded.labels, icon = excluded.icon, category = excluded.category, requires_subject = excluded.requires_subject, weather_sensitive = excluded.weather_sensitive, consumes_supplies = excluded.consumes_supplies, default_cadence = excluded.default_cadence;
insert into task_type (id, labels, icon, category, requires_subject, weather_sensitive, consumes_supplies, default_cadence) values ('stake', '{"sl":"Privezovanje / opora","en":"Staking / Tying","de":"Aufbinden / Stützen"}'::jsonb, '🪵', 'plant_care', true, false, false, null) on conflict (id) do update set labels = excluded.labels, icon = excluded.icon, category = excluded.category, requires_subject = excluded.requires_subject, weather_sensitive = excluded.weather_sensitive, consumes_supplies = excluded.consumes_supplies, default_cadence = excluded.default_cadence;
insert into task_type (id, labels, icon, category, requires_subject, weather_sensitive, consumes_supplies, default_cadence) values ('thin_fruit', '{"sl":"Redčenje plodov","en":"Fruit thinning","de":"Ausdünnen"}'::jsonb, '🍏', 'plant_care', true, false, false, null) on conflict (id) do update set labels = excluded.labels, icon = excluded.icon, category = excluded.category, requires_subject = excluded.requires_subject, weather_sensitive = excluded.weather_sensitive, consumes_supplies = excluded.consumes_supplies, default_cadence = excluded.default_cadence;
insert into task_type (id, labels, icon, category, requires_subject, weather_sensitive, consumes_supplies, default_cadence) values ('repot', '{"sl":"Presaditev lončnic","en":"Repotting","de":"Umtopfen"}'::jsonb, '🪴', 'plant_care', true, false, false, null) on conflict (id) do update set labels = excluded.labels, icon = excluded.icon, category = excluded.category, requires_subject = excluded.requires_subject, weather_sensitive = excluded.weather_sensitive, consumes_supplies = excluded.consumes_supplies, default_cadence = excluded.default_cadence;
insert into task_type (id, labels, icon, category, requires_subject, weather_sensitive, consumes_supplies, default_cadence) values ('overwinter', '{"sl":"Prezimovanje / zaščita pred zmrzaljo","en":"Overwintering / Frost protection","de":"Überwintern / Frostschutz"}'::jsonb, '❄️', 'protection', true, true, false, null) on conflict (id) do update set labels = excluded.labels, icon = excluded.icon, category = excluded.category, requires_subject = excluded.requires_subject, weather_sensitive = excluded.weather_sensitive, consumes_supplies = excluded.consumes_supplies, default_cadence = excluded.default_cadence;

-- plant
insert into plant (id, labels, scientific_name, category, icon) values ('apple', '{"sl":"jablana","en":"apple","de":"Apfel"}'::jsonb, 'Malus domestica', 'fruit_tree', '🍎') on conflict (id) do update set labels = excluded.labels, scientific_name = excluded.scientific_name, category = excluded.category, icon = excluded.icon;
insert into plant (id, labels, scientific_name, category, icon) values ('pear', '{"sl":"hruška","en":"pear","de":"Birne"}'::jsonb, 'Pyrus communis', 'fruit_tree', '🍐') on conflict (id) do update set labels = excluded.labels, scientific_name = excluded.scientific_name, category = excluded.category, icon = excluded.icon;
insert into plant (id, labels, scientific_name, category, icon) values ('plum', '{"sl":"sliva","en":"plum","de":"Pflaume / Zwetschge"}'::jsonb, 'Prunus domestica', 'fruit_tree', '🫐') on conflict (id) do update set labels = excluded.labels, scientific_name = excluded.scientific_name, category = excluded.category, icon = excluded.icon;
insert into plant (id, labels, scientific_name, category, icon) values ('cherry', '{"sl":"češnja","en":"cherry","de":"Kirsche"}'::jsonb, 'Prunus avium', 'fruit_tree', '🍒') on conflict (id) do update set labels = excluded.labels, scientific_name = excluded.scientific_name, category = excluded.category, icon = excluded.icon;
insert into plant (id, labels, scientific_name, category, icon) values ('peach', '{"sl":"breskev","en":"peach","de":"Pfirsich"}'::jsonb, 'Prunus persica', 'fruit_tree', '🍑') on conflict (id) do update set labels = excluded.labels, scientific_name = excluded.scientific_name, category = excluded.category, icon = excluded.icon;
insert into plant (id, labels, scientific_name, category, icon) values ('raspberry', '{"sl":"malina","en":"raspberry","de":"Himbeere"}'::jsonb, 'Rubus idaeus', 'berries', '🍇') on conflict (id) do update set labels = excluded.labels, scientific_name = excluded.scientific_name, category = excluded.category, icon = excluded.icon;
insert into plant (id, labels, scientific_name, category, icon) values ('strawberry', '{"sl":"jagoda","en":"strawberry","de":"Erdbeere"}'::jsonb, 'Fragaria × ananassa', 'berries', '🍓') on conflict (id) do update set labels = excluded.labels, scientific_name = excluded.scientific_name, category = excluded.category, icon = excluded.icon;
insert into plant (id, labels, scientific_name, category, icon) values ('currant', '{"sl":"ribez","en":"currant","de":"Johannisbeere"}'::jsonb, 'Ribes rubrum', 'berries', '🔴') on conflict (id) do update set labels = excluded.labels, scientific_name = excluded.scientific_name, category = excluded.category, icon = excluded.icon;
insert into plant (id, labels, scientific_name, category, icon) values ('blueberry', '{"sl":"borovnica","en":"blueberry","de":"Heidelbeere"}'::jsonb, 'Vaccinium corymbosum', 'berries', '🫐') on conflict (id) do update set labels = excluded.labels, scientific_name = excluded.scientific_name, category = excluded.category, icon = excluded.icon;
insert into plant (id, labels, scientific_name, category, icon) values ('tomato', '{"sl":"paradižnik","en":"tomato","de":"Tomate"}'::jsonb, 'Solanum lycopersicum', 'vegetable', '🍅') on conflict (id) do update set labels = excluded.labels, scientific_name = excluded.scientific_name, category = excluded.category, icon = excluded.icon;
insert into plant (id, labels, scientific_name, category, icon) values ('lettuce', '{"sl":"solata","en":"lettuce","de":"Salat"}'::jsonb, 'Lactuca sativa', 'vegetable', '🥬') on conflict (id) do update set labels = excluded.labels, scientific_name = excluded.scientific_name, category = excluded.category, icon = excluded.icon;
insert into plant (id, labels, scientific_name, category, icon) values ('potato', '{"sl":"krompir","en":"potato","de":"Kartoffel"}'::jsonb, 'Solanum tuberosum', 'vegetable', '🥔') on conflict (id) do update set labels = excluded.labels, scientific_name = excluded.scientific_name, category = excluded.category, icon = excluded.icon;
insert into plant (id, labels, scientific_name, category, icon) values ('radish', '{"sl":"redkvica","en":"radish","de":"Radieschen"}'::jsonb, 'Raphanus sativus', 'vegetable', '🌶️') on conflict (id) do update set labels = excluded.labels, scientific_name = excluded.scientific_name, category = excluded.category, icon = excluded.icon;
insert into plant (id, labels, scientific_name, category, icon) values ('cucumber', '{"sl":"kumara","en":"cucumber","de":"Gurke"}'::jsonb, 'Cucumis sativus', 'vegetable', '🥒') on conflict (id) do update set labels = excluded.labels, scientific_name = excluded.scientific_name, category = excluded.category, icon = excluded.icon;
insert into plant (id, labels, scientific_name, category, icon) values ('pepper', '{"sl":"paprika","en":"pepper","de":"Paprika"}'::jsonb, 'Capsicum annuum', 'vegetable', '🫑') on conflict (id) do update set labels = excluded.labels, scientific_name = excluded.scientific_name, category = excluded.category, icon = excluded.icon;
insert into plant (id, labels, scientific_name, category, icon) values ('bean', '{"sl":"fižol","en":"bean","de":"Bohne"}'::jsonb, 'Phaseolus vulgaris', 'vegetable', '🫘') on conflict (id) do update set labels = excluded.labels, scientific_name = excluded.scientific_name, category = excluded.category, icon = excluded.icon;
insert into plant (id, labels, scientific_name, category, icon) values ('carrot', '{"sl":"korenje","en":"carrot","de":"Karotte / Möhre"}'::jsonb, 'Daucus carota', 'vegetable', '🥕') on conflict (id) do update set labels = excluded.labels, scientific_name = excluded.scientific_name, category = excluded.category, icon = excluded.icon;
insert into plant (id, labels, scientific_name, category, icon) values ('cabbage', '{"sl":"zelje","en":"cabbage","de":"Kohl"}'::jsonb, 'Brassica oleracea', 'vegetable', '🥬') on conflict (id) do update set labels = excluded.labels, scientific_name = excluded.scientific_name, category = excluded.category, icon = excluded.icon;
insert into plant (id, labels, scientific_name, category, icon) values ('zucchini', '{"sl":"bučke","en":"zucchini","de":"Zucchini"}'::jsonb, 'Cucurbita pepo', 'vegetable', '🥒') on conflict (id) do update set labels = excluded.labels, scientific_name = excluded.scientific_name, category = excluded.category, icon = excluded.icon;
insert into plant (id, labels, scientific_name, category, icon) values ('onion', '{"sl":"čebula","en":"onion","de":"Zwiebel"}'::jsonb, 'Allium cepa', 'vegetable', '🧅') on conflict (id) do update set labels = excluded.labels, scientific_name = excluded.scientific_name, category = excluded.category, icon = excluded.icon;
insert into plant (id, labels, scientific_name, category, icon) values ('garlic', '{"sl":"česen","en":"garlic","de":"Knoblauch"}'::jsonb, 'Allium sativum', 'vegetable', '🧄') on conflict (id) do update set labels = excluded.labels, scientific_name = excluded.scientific_name, category = excluded.category, icon = excluded.icon;
insert into plant (id, labels, scientific_name, category, icon) values ('basil', '{"sl":"bazilika","en":"basil","de":"Basilikum"}'::jsonb, 'Ocimum basilicum', 'herbs', '🌿') on conflict (id) do update set labels = excluded.labels, scientific_name = excluded.scientific_name, category = excluded.category, icon = excluded.icon;
insert into plant (id, labels, scientific_name, category, icon) values ('parsley', '{"sl":"peteršilj","en":"parsley","de":"Petersilie"}'::jsonb, 'Petroselinum crispum', 'herbs', '🌿') on conflict (id) do update set labels = excluded.labels, scientific_name = excluded.scientific_name, category = excluded.category, icon = excluded.icon;
insert into plant (id, labels, scientific_name, category, icon) values ('rosemary', '{"sl":"rožmarin","en":"rosemary","de":"Rosmarin"}'::jsonb, 'Salvia rosmarinus', 'herbs', '🌿') on conflict (id) do update set labels = excluded.labels, scientific_name = excluded.scientific_name, category = excluded.category, icon = excluded.icon;
insert into plant (id, labels, scientific_name, category, icon) values ('thyme', '{"sl":"timijan","en":"thyme","de":"Thymian"}'::jsonb, 'Thymus vulgaris', 'herbs', '🌿') on conflict (id) do update set labels = excluded.labels, scientific_name = excluded.scientific_name, category = excluded.category, icon = excluded.icon;
insert into plant (id, labels, scientific_name, category, icon) values ('sage', '{"sl":"žajbelj","en":"sage","de":"Salbei"}'::jsonb, 'Salvia officinalis', 'herbs', '🌿') on conflict (id) do update set labels = excluded.labels, scientific_name = excluded.scientific_name, category = excluded.category, icon = excluded.icon;
insert into plant (id, labels, scientific_name, category, icon) values ('chives', '{"sl":"drobnjak","en":"chives","de":"Schnittlauch"}'::jsonb, 'Allium schoenoprasum', 'herbs', '🌿') on conflict (id) do update set labels = excluded.labels, scientific_name = excluded.scientific_name, category = excluded.category, icon = excluded.icon;
insert into plant (id, labels, scientific_name, category, icon) values ('cherry_laurel', '{"sl":"lovorikovec (češnjev lovor)","en":"cherry laurel","de":"Kirschlorbeer"}'::jsonb, 'Prunus laurocerasus', 'ornamental', '🌿') on conflict (id) do update set labels = excluded.labels, scientific_name = excluded.scientific_name, category = excluded.category, icon = excluded.icon;
insert into plant (id, labels, scientific_name, category, icon) values ('thuja', '{"sl":"tuja","en":"thuja","de":"Thuja / Lebensbaum"}'::jsonb, 'Thuja occidentalis', 'ornamental', '🌲') on conflict (id) do update set labels = excluded.labels, scientific_name = excluded.scientific_name, category = excluded.category, icon = excluded.icon;
insert into plant (id, labels, scientific_name, category, icon) values ('hornbeam', '{"sl":"gaber","en":"hornbeam","de":"Hainbuche"}'::jsonb, 'Carpinus betulus', 'ornamental', '🌳') on conflict (id) do update set labels = excluded.labels, scientific_name = excluded.scientific_name, category = excluded.category, icon = excluded.icon;
insert into plant (id, labels, scientific_name, category, icon) values ('beech', '{"sl":"bukev","en":"beech","de":"Buche"}'::jsonb, 'Fagus sylvatica', 'ornamental', '🌳') on conflict (id) do update set labels = excluded.labels, scientific_name = excluded.scientific_name, category = excluded.category, icon = excluded.icon;
insert into plant (id, labels, scientific_name, category, icon) values ('box', '{"sl":"pušpan","en":"box","de":"Buchsbaum"}'::jsonb, 'Buxus sempervirens', 'ornamental', '🌿') on conflict (id) do update set labels = excluded.labels, scientific_name = excluded.scientific_name, category = excluded.category, icon = excluded.icon;
insert into plant (id, labels, scientific_name, category, icon) values ('rose', '{"sl":"vrtnica","en":"rose","de":"Rose"}'::jsonb, 'Rosa', 'ornamental', '🌹') on conflict (id) do update set labels = excluded.labels, scientific_name = excluded.scientific_name, category = excluded.category, icon = excluded.icon;
insert into plant (id, labels, scientific_name, category, icon) values ('lawn_grass', '{"sl":"travna ruša (mešanica)","en":"lawn grass","de":"Rasen"}'::jsonb, 'Lolium perenne, Poa pratensis, Festuca', 'lawn', '🌱') on conflict (id) do update set labels = excluded.labels, scientific_name = excluded.scientific_name, category = excluded.category, icon = excluded.icon;

-- category_task_type (plant category -> applicable task type)
insert into category_task_type (category, task_type_id) values ('lawn', 'mow') on conflict (category, task_type_id) do nothing;
insert into category_task_type (category, task_type_id) values ('lawn', 'water') on conflict (category, task_type_id) do nothing;
insert into category_task_type (category, task_type_id) values ('lawn', 'fertilize') on conflict (category, task_type_id) do nothing;
insert into category_task_type (category, task_type_id) values ('lawn', 'aerate') on conflict (category, task_type_id) do nothing;
insert into category_task_type (category, task_type_id) values ('lawn', 'scarify') on conflict (category, task_type_id) do nothing;
insert into category_task_type (category, task_type_id) values ('lawn', 'overseed') on conflict (category, task_type_id) do nothing;
insert into category_task_type (category, task_type_id) values ('lawn', 'topdress') on conflict (category, task_type_id) do nothing;
insert into category_task_type (category, task_type_id) values ('lawn', 'roll') on conflict (category, task_type_id) do nothing;
insert into category_task_type (category, task_type_id) values ('lawn', 'lime') on conflict (category, task_type_id) do nothing;
insert into category_task_type (category, task_type_id) values ('lawn', 'lawn_weed_moss') on conflict (category, task_type_id) do nothing;
insert into category_task_type (category, task_type_id) values ('fruit_tree', 'prune') on conflict (category, task_type_id) do nothing;
insert into category_task_type (category, task_type_id) values ('fruit_tree', 'graft') on conflict (category, task_type_id) do nothing;
insert into category_task_type (category, task_type_id) values ('fruit_tree', 'thin_fruit') on conflict (category, task_type_id) do nothing;
insert into category_task_type (category, task_type_id) values ('fruit_tree', 'treat') on conflict (category, task_type_id) do nothing;
insert into category_task_type (category, task_type_id) values ('fruit_tree', 'fertilize') on conflict (category, task_type_id) do nothing;
insert into category_task_type (category, task_type_id) values ('fruit_tree', 'harvest') on conflict (category, task_type_id) do nothing;
insert into category_task_type (category, task_type_id) values ('fruit_tree', 'water') on conflict (category, task_type_id) do nothing;
insert into category_task_type (category, task_type_id) values ('fruit_tree', 'mulch') on conflict (category, task_type_id) do nothing;
insert into category_task_type (category, task_type_id) values ('berries', 'prune') on conflict (category, task_type_id) do nothing;
insert into category_task_type (category, task_type_id) values ('berries', 'treat') on conflict (category, task_type_id) do nothing;
insert into category_task_type (category, task_type_id) values ('berries', 'fertilize') on conflict (category, task_type_id) do nothing;
insert into category_task_type (category, task_type_id) values ('berries', 'harvest') on conflict (category, task_type_id) do nothing;
insert into category_task_type (category, task_type_id) values ('berries', 'water') on conflict (category, task_type_id) do nothing;
insert into category_task_type (category, task_type_id) values ('berries', 'mulch') on conflict (category, task_type_id) do nothing;
insert into category_task_type (category, task_type_id) values ('vegetable', 'start_seedlings') on conflict (category, task_type_id) do nothing;
insert into category_task_type (category, task_type_id) values ('vegetable', 'prick_out') on conflict (category, task_type_id) do nothing;
insert into category_task_type (category, task_type_id) values ('vegetable', 'harden_off') on conflict (category, task_type_id) do nothing;
insert into category_task_type (category, task_type_id) values ('vegetable', 'transplant') on conflict (category, task_type_id) do nothing;
insert into category_task_type (category, task_type_id) values ('vegetable', 'sow') on conflict (category, task_type_id) do nothing;
insert into category_task_type (category, task_type_id) values ('vegetable', 'plant') on conflict (category, task_type_id) do nothing;
insert into category_task_type (category, task_type_id) values ('vegetable', 'stake') on conflict (category, task_type_id) do nothing;
insert into category_task_type (category, task_type_id) values ('vegetable', 'water') on conflict (category, task_type_id) do nothing;
insert into category_task_type (category, task_type_id) values ('vegetable', 'fertilize') on conflict (category, task_type_id) do nothing;
insert into category_task_type (category, task_type_id) values ('vegetable', 'weed') on conflict (category, task_type_id) do nothing;
insert into category_task_type (category, task_type_id) values ('vegetable', 'treat') on conflict (category, task_type_id) do nothing;
insert into category_task_type (category, task_type_id) values ('vegetable', 'harvest') on conflict (category, task_type_id) do nothing;
insert into category_task_type (category, task_type_id) values ('vegetable', 'mulch') on conflict (category, task_type_id) do nothing;
insert into category_task_type (category, task_type_id) values ('herbs', 'start_seedlings') on conflict (category, task_type_id) do nothing;
insert into category_task_type (category, task_type_id) values ('herbs', 'prick_out') on conflict (category, task_type_id) do nothing;
insert into category_task_type (category, task_type_id) values ('herbs', 'harden_off') on conflict (category, task_type_id) do nothing;
insert into category_task_type (category, task_type_id) values ('herbs', 'transplant') on conflict (category, task_type_id) do nothing;
insert into category_task_type (category, task_type_id) values ('herbs', 'plant') on conflict (category, task_type_id) do nothing;
insert into category_task_type (category, task_type_id) values ('herbs', 'sow') on conflict (category, task_type_id) do nothing;
insert into category_task_type (category, task_type_id) values ('herbs', 'water') on conflict (category, task_type_id) do nothing;
insert into category_task_type (category, task_type_id) values ('herbs', 'harvest') on conflict (category, task_type_id) do nothing;
insert into category_task_type (category, task_type_id) values ('ornamental', 'prune') on conflict (category, task_type_id) do nothing;
insert into category_task_type (category, task_type_id) values ('ornamental', 'treat') on conflict (category, task_type_id) do nothing;
insert into category_task_type (category, task_type_id) values ('ornamental', 'fertilize') on conflict (category, task_type_id) do nothing;
insert into category_task_type (category, task_type_id) values ('ornamental', 'water') on conflict (category, task_type_id) do nothing;
insert into category_task_type (category, task_type_id) values ('ornamental', 'plant') on conflict (category, task_type_id) do nothing;
insert into category_task_type (category, task_type_id) values ('ornamental', 'graft') on conflict (category, task_type_id) do nothing;
insert into category_task_type (category, task_type_id) values ('ornamental', 'overwinter') on conflict (category, task_type_id) do nothing;
insert into category_task_type (category, task_type_id) values ('container', 'repot') on conflict (category, task_type_id) do nothing;
insert into category_task_type (category, task_type_id) values ('container', 'water') on conflict (category, task_type_id) do nothing;
insert into category_task_type (category, task_type_id) values ('container', 'fertilize') on conflict (category, task_type_id) do nothing;
insert into category_task_type (category, task_type_id) values ('container', 'overwinter') on conflict (category, task_type_id) do nothing;
insert into category_task_type (category, task_type_id) values ('container', 'stake') on conflict (category, task_type_id) do nothing;
